{
  "ABIRoot": {
    "kind": "Root",
    "name": "ImageDownloaderSDK",
    "printedName": "ImageDownloaderSDK",
    "children": [
      {
        "kind": "Import",
        "name": "Foundation",
        "printedName": "Foundation",
        "declKind": "Import",
        "moduleName": "ImageDownloaderSDK",
        "declAttributes": [
          "RawDocComment"
        ]
      },
      {
        "kind": "Import",
        "name": "SwiftUI",
        "printedName": "SwiftUI",
        "declKind": "Import",
        "moduleName": "ImageDownloaderSDK"
      },
      {
        "kind": "Import",
        "name": "CryptoKit",
        "printedName": "CryptoKit",
        "declKind": "Import",
        "moduleName": "ImageDownloaderSDK"
      },
      {
        "kind": "Import",
        "name": "Combine",
        "printedName": "Combine",
        "declKind": "Import",
        "moduleName": "ImageDownloaderSDK"
      },
      {
        "kind": "TypeDecl",
        "name": "ImageCaching",
        "printedName": "ImageCaching",
        "children": [
          {
            "kind": "Function",
            "name": "image",
            "printedName": "image(for:)",
            "children": [
              {
                "kind": "TypeNominal",
                "name": "Optional",
                "printedName": "UIKit.UIImage?",
                "children": [
                  {
                    "kind": "TypeNominal",
                    "name": "UIImage",
                    "printedName": "UIKit.UIImage",
                    "usr": "c:objc(cs)UIImage"
                  }
                ],
                "usr": "s:Sq"
              },
              {
                "kind": "TypeNominal",
                "name": "URL",
                "printedName": "Foundation.URL",
                "usr": "s:10Foundation3URLV"
              }
            ],
            "declKind": "Func",
            "usr": "s:18ImageDownloaderSDK0A7CachingP5image3forSo7UIImageCSg10Foundation3URLV_tYaF",
            "mangledName": "$s18ImageDownloaderSDK0A7CachingP5image3forSo7UIImageCSg10Foundation3URLV_tYaF",
            "moduleName": "ImageDownloaderSDK",
            "genericSig": "<τ_0_0 where τ_0_0 : ImageDownloaderSDK.ImageCaching>",
            "sugared_genericSig": "<Self where Self : ImageDownloaderSDK.ImageCaching>",
            "protocolReq": true,
            "reqNewWitnessTableEntry": true,
            "funcSelfKind": "NonMutating"
          },
          {
            "kind": "Function",
            "name": "store",
            "printedName": "store(_:for:)",
            "children": [
              {
                "kind": "TypeNominal",
                "name": "Void",
                "printedName": "()"
              },
              {
                "kind": "TypeNominal",
                "name": "UIImage",
                "printedName": "UIKit.UIImage",
                "usr": "c:objc(cs)UIImage"
              },
              {
                "kind": "TypeNominal",
                "name": "URL",
                "printedName": "Foundation.URL",
                "usr": "s:10Foundation3URLV"
              }
            ],
            "declKind": "Func",
            "usr": "s:18ImageDownloaderSDK0A7CachingP5store_3forySo7UIImageC_10Foundation3URLVtYaF",
            "mangledName": "$s18ImageDownloaderSDK0A7CachingP5store_3forySo7UIImageC_10Foundation3URLVtYaF",
            "moduleName": "ImageDownloaderSDK",
            "genericSig": "<τ_0_0 where τ_0_0 : ImageDownloaderSDK.ImageCaching>",
            "sugared_genericSig": "<Self where Self : ImageDownloaderSDK.ImageCaching>",
            "protocolReq": true,
            "reqNewWitnessTableEntry": true,
            "funcSelfKind": "NonMutating"
          }
        ],
        "declKind": "Protocol",
        "usr": "s:18ImageDownloaderSDK0A7CachingP",
        "mangledName": "$s18ImageDownloaderSDK0A7CachingP",
        "moduleName": "ImageDownloaderSDK",
        "genericSig": "<τ_0_0 : Swift.Sendable>",
        "sugared_genericSig": "<Self : Swift.Sendable>",
        "declAttributes": [
          "AccessControl"
        ],
        "conformances": [
          {
            "kind": "Conformance",
            "name": "Escapable",
            "printedName": "Escapable",
            "usr": "s:s9EscapableP",
            "mangledName": "$ss9EscapableP"
          },
          {
            "kind": "Conformance",
            "name": "Copyable",
            "printedName": "Copyable",
            "usr": "s:s8CopyableP",
            "mangledName": "$ss8CopyableP"
          },
          {
            "kind": "Conformance",
            "name": "Sendable",
            "printedName": "Sendable",
            "usr": "s:s8SendableP",
            "mangledName": "$ss8SendableP"
          }
        ]
      },
      {
        "kind": "TypeDecl",
        "name": "ImageDownloading",
        "printedName": "ImageDownloading",
        "children": [
          {
            "kind": "Function",
            "name": "download",
            "printedName": "download(from:)",
            "children": [
              {
                "kind": "TypeNominal",
                "name": "UIImage",
                "printedName": "UIKit.UIImage",
                "usr": "c:objc(cs)UIImage"
              },
              {
                "kind": "TypeNominal",
                "name": "URL",
                "printedName": "Foundation.URL",
                "usr": "s:10Foundation3URLV"
              }
            ],
            "declKind": "Func",
            "usr": "s:18ImageDownloaderSDK0A11DownloadingP8download4fromSo7UIImageC10Foundation3URLV_tYaKF",
            "mangledName": "$s18ImageDownloaderSDK0A11DownloadingP8download4fromSo7UIImageC10Foundation3URLV_tYaKF",
            "moduleName": "ImageDownloaderSDK",
            "genericSig": "<τ_0_0 where τ_0_0 : ImageDownloaderSDK.ImageDownloading>",
            "sugared_genericSig": "<Self where Self : ImageDownloaderSDK.ImageDownloading>",
            "protocolReq": true,
            "throwing": true,
            "reqNewWitnessTableEntry": true,
            "funcSelfKind": "NonMutating"
          },
          {
            "kind": "Function",
            "name": "cancel",
            "printedName": "cancel(url:)",
            "children": [
              {
                "kind": "TypeNominal",
                "name": "Void",
                "printedName": "()"
              },
              {
                "kind": "TypeNominal",
                "name": "URL",
                "printedName": "Foundation.URL",
                "usr": "s:10Foundation3URLV"
              }
            ],
            "declKind": "Func",
            "usr": "s:18ImageDownloaderSDK0A11DownloadingP6cancel3urly10Foundation3URLV_tYaF",
            "mangledName": "$s18ImageDownloaderSDK0A11DownloadingP6cancel3urly10Foundation3URLV_tYaF",
            "moduleName": "ImageDownloaderSDK",
            "genericSig": "<τ_0_0 where τ_0_0 : ImageDownloaderSDK.ImageDownloading>",
            "sugared_genericSig": "<Self where Self : ImageDownloaderSDK.ImageDownloading>",
            "protocolReq": true,
            "reqNewWitnessTableEntry": true,
            "funcSelfKind": "NonMutating"
          }
        ],
        "declKind": "Protocol",
        "usr": "s:18ImageDownloaderSDK0A11DownloadingP",
        "mangledName": "$s18ImageDownloaderSDK0A11DownloadingP",
        "moduleName": "ImageDownloaderSDK",
        "genericSig": "<τ_0_0 : Swift.Sendable>",
        "sugared_genericSig": "<Self : Swift.Sendable>",
        "declAttributes": [
          "AccessControl"
        ],
        "conformances": [
          {
            "kind": "Conformance",
            "name": "Escapable",
            "printedName": "Escapable",
            "usr": "s:s9EscapableP",
            "mangledName": "$ss9EscapableP"
          },
          {
            "kind": "Conformance",
            "name": "Copyable",
            "printedName": "Copyable",
            "usr": "s:s8CopyableP",
            "mangledName": "$ss8CopyableP"
          },
          {
            "kind": "Conformance",
            "name": "Sendable",
            "printedName": "Sendable",
            "usr": "s:s8SendableP",
            "mangledName": "$ss8SendableP"
          }
        ]
      },
      {
        "kind": "TypeDecl",
        "name": "ImageLoading",
        "printedName": "ImageLoading",
        "children": [
          {
            "kind": "Var",
            "name": "image",
            "printedName": "image",
            "children": [
              {
                "kind": "TypeNominal",
                "name": "Optional",
                "printedName": "UIKit.UIImage?",
                "children": [
                  {
                    "kind": "TypeNominal",
                    "name": "UIImage",
                    "printedName": "UIKit.UIImage",
                    "usr": "c:objc(cs)UIImage"
                  }
                ],
                "usr": "s:Sq"
              }
            ],
            "declKind": "Var",
            "usr": "s:18ImageDownloaderSDK0A7LoadingP5imageSo7UIImageCSgvp",
            "mangledName": "$s18ImageDownloaderSDK0A7LoadingP5imageSo7UIImageCSgvp",
            "moduleName": "ImageDownloaderSDK",
            "protocolReq": true,
            "declAttributes": [
              "Custom"
            ],
            "accessors": [
              {
                "kind": "Accessor",
                "name": "Get",
                "printedName": "Get()",
                "children": [
                  {
                    "kind": "TypeNominal",
                    "name": "Optional",
                    "printedName": "UIKit.UIImage?",
                    "children": [
                      {
                        "kind": "TypeNominal",
                        "name": "UIImage",
                        "printedName": "UIKit.UIImage",
                        "usr": "c:objc(cs)UIImage"
                      }
                    ],
                    "usr": "s:Sq"
                  }
                ],
                "declKind": "Accessor",
                "usr": "s:18ImageDownloaderSDK0A7LoadingP5imageSo7UIImageCSgvg",
                "mangledName": "$s18ImageDownloaderSDK0A7LoadingP5imageSo7UIImageCSgvg",
                "moduleName": "ImageDownloaderSDK",
                "genericSig": "<τ_0_0 where τ_0_0 : ImageDownloaderSDK.ImageLoading>",
                "sugared_genericSig": "<Self where Self : ImageDownloaderSDK.ImageLoading>",
                "protocolReq": true,
                "reqNewWitnessTableEntry": true,
                "accessorKind": "get"
              }
            ]
          },
          {
            "kind": "Function",
            "name": "load",
            "printedName": "load(_:)",
            "children": [
              {
                "kind": "TypeNominal",
                "name": "Void",
                "printedName": "()"
              },
              {
                "kind": "TypeNominal",
                "name": "URL",
                "printedName": "Foundation.URL",
                "usr": "s:10Foundation3URLV"
              }
            ],
            "declKind": "Func",
            "usr": "s:18ImageDownloaderSDK0A7LoadingP4loadyy10Foundation3URLVF",
            "mangledName": "$s18ImageDownloaderSDK0A7LoadingP4loadyy10Foundation3URLVF",
            "moduleName": "ImageDownloaderSDK",
            "genericSig": "<τ_0_0 where τ_0_0 : ImageDownloaderSDK.ImageLoading>",
            "sugared_genericSig": "<Self where Self : ImageDownloaderSDK.ImageLoading>",
            "protocolReq": true,
            "declAttributes": [
              "Custom"
            ],
            "reqNewWitnessTableEntry": true,
            "funcSelfKind": "NonMutating"
          },
          {
            "kind": "Function",
            "name": "cancel",
            "printedName": "cancel()",
            "children": [
              {
                "kind": "TypeNominal",
                "name": "Void",
                "printedName": "()"
              }
            ],
            "declKind": "Func",
            "usr": "s:18ImageDownloaderSDK0A7LoadingP6cancelyyF",
            "mangledName": "$s18ImageDownloaderSDK0A7LoadingP6cancelyyF",
            "moduleName": "ImageDownloaderSDK",
            "genericSig": "<τ_0_0 where τ_0_0 : ImageDownloaderSDK.ImageLoading>",
            "sugared_genericSig": "<Self where Self : ImageDownloaderSDK.ImageLoading>",
            "protocolReq": true,
            "declAttributes": [
              "Custom"
            ],
            "reqNewWitnessTableEntry": true,
            "funcSelfKind": "NonMutating"
          }
        ],
        "declKind": "Protocol",
        "usr": "s:18ImageDownloaderSDK0A7LoadingP",
        "mangledName": "$s18ImageDownloaderSDK0A7LoadingP",
        "moduleName": "ImageDownloaderSDK",
        "genericSig": "<τ_0_0 : Combine.ObservableObject>",
        "sugared_genericSig": "<Self : Combine.ObservableObject>",
        "declAttributes": [
          "AccessControl",
          "Custom"
        ],
        "conformances": [
          {
            "kind": "Conformance",
            "name": "Escapable",
            "printedName": "Escapable",
            "usr": "s:s9EscapableP",
            "mangledName": "$ss9EscapableP"
          },
          {
            "kind": "Conformance",
            "name": "Copyable",
            "printedName": "Copyable",
            "usr": "s:s8CopyableP",
            "mangledName": "$ss8CopyableP"
          },
          {
            "kind": "Conformance",
            "name": "ObservableObject",
            "printedName": "ObservableObject",
            "usr": "s:7Combine16ObservableObjectP",
            "mangledName": "$s7Combine16ObservableObjectP"
          }
        ]
      },
      {
        "kind": "TypeDecl",
        "name": "DefaultImageCache",
        "printedName": "DefaultImageCache",
        "children": [
          {
            "kind": "Var",
            "name": "shared",
            "printedName": "shared",
            "children": [
              {
                "kind": "TypeNominal",
                "name": "DefaultImageCache",
                "printedName": "ImageDownloaderSDK.DefaultImageCache",
                "usr": "s:18ImageDownloaderSDK07DefaultA5CacheC"
              }
            ],
            "declKind": "Var",
            "usr": "s:18ImageDownloaderSDK07DefaultA5CacheC6sharedACvpZ",
            "mangledName": "$s18ImageDownloaderSDK07DefaultA5CacheC6sharedACvpZ",
            "moduleName": "ImageDownloaderSDK",
            "static": true,
            "declAttributes": [
              "Final",
              "HasInitialValue",
              "HasStorage",
              "AccessControl",
              "RawDocComment"
            ],
            "isLet": true,
            "hasStorage": true,
            "accessors": [
              {
                "kind": "Accessor",
                "name": "Get",
                "printedName": "Get()",
                "children": [
                  {
                    "kind": "TypeNominal",
                    "name": "DefaultImageCache",
                    "printedName": "ImageDownloaderSDK.DefaultImageCache",
                    "usr": "s:18ImageDownloaderSDK07DefaultA5CacheC"
                  }
                ],
                "declKind": "Accessor",
                "usr": "s:18ImageDownloaderSDK07DefaultA5CacheC6sharedACvgZ",
                "mangledName": "$s18ImageDownloaderSDK07DefaultA5CacheC6sharedACvgZ",
                "moduleName": "ImageDownloaderSDK",
                "static": true,
                "implicit": true,
                "declAttributes": [
                  "Final"
                ],
                "accessorKind": "get"
              }
            ]
          },
          {
            "kind": "Function",
            "name": "image",
            "printedName": "image(for:)",
            "children": [
              {
                "kind": "TypeNominal",
                "name": "Optional",
                "printedName": "UIKit.UIImage?",
                "children": [
                  {
                    "kind": "TypeNominal",
                    "name": "UIImage",
                    "printedName": "UIKit.UIImage",
                    "usr": "c:objc(cs)UIImage"
                  }
                ],
                "usr": "s:Sq"
              },
              {
                "kind": "TypeNominal",
                "name": "URL",
                "printedName": "Foundation.URL",
                "usr": "s:10Foundation3URLV"
              }
            ],
            "declKind": "Func",
            "usr": "s:18ImageDownloaderSDK07DefaultA5CacheC5image3forSo7UIImageCSg10Foundation3URLV_tYaF",
            "mangledName": "$s18ImageDownloaderSDK07DefaultA5CacheC5image3forSo7UIImageCSg10Foundation3URLV_tYaF",
            "moduleName": "ImageDownloaderSDK",
            "declAttributes": [
              "AccessControl"
            ],
            "funcSelfKind": "NonMutating"
          },
          {
            "kind": "Function",
            "name": "store",
            "printedName": "store(_:for:)",
            "children": [
              {
                "kind": "TypeNominal",
                "name": "Void",
                "printedName": "()"
              },
              {
                "kind": "TypeNominal",
                "name": "UIImage",
                "printedName": "UIKit.UIImage",
                "usr": "c:objc(cs)UIImage"
              },
              {
                "kind": "TypeNominal",
                "name": "URL",
                "printedName": "Foundation.URL",
                "usr": "s:10Foundation3URLV"
              }
            ],
            "declKind": "Func",
            "usr": "s:18ImageDownloaderSDK07DefaultA5CacheC5store_3forySo7UIImageC_10Foundation3URLVtYaF",
            "mangledName": "$s18ImageDownloaderSDK07DefaultA5CacheC5store_3forySo7UIImageC_10Foundation3URLVtYaF",
            "moduleName": "ImageDownloaderSDK",
            "declAttributes": [
              "AccessControl"
            ],
            "funcSelfKind": "NonMutating"
          },
          {
            "kind": "Var",
            "name": "unownedExecutor",
            "printedName": "unownedExecutor",
            "children": [
              {
                "kind": "TypeNominal",
                "name": "UnownedSerialExecutor",
                "printedName": "_Concurrency.UnownedSerialExecutor",
                "usr": "s:Sce"
              }
            ],
            "declKind": "Var",
            "usr": "s:18ImageDownloaderSDK07DefaultA5CacheC15unownedExecutorScevp",
            "mangledName": "$s18ImageDownloaderSDK07DefaultA5CacheC15unownedExecutorScevp",
            "moduleName": "ImageDownloaderSDK",
            "implicit": true,
            "intro_Macosx": "10.15",
            "intro_iOS": "13.0",
            "intro_tvOS": "13.0",
            "intro_watchOS": "6.0",
            "declAttributes": [
              "Available",
              "Available",
              "Available",
              "Available",
              "Final",
              "Nonisolated",
              "Semantics"
            ],
            "accessors": [
              {
                "kind": "Accessor",
                "name": "Get",
                "printedName": "Get()",
                "children": [
                  {
                    "kind": "TypeNominal",
                    "name": "UnownedSerialExecutor",
                    "printedName": "_Concurrency.UnownedSerialExecutor",
                    "usr": "s:Sce"
                  }
                ],
                "declKind": "Accessor",
                "usr": "s:18ImageDownloaderSDK07DefaultA5CacheC15unownedExecutorScevg",
                "mangledName": "$s18ImageDownloaderSDK07DefaultA5CacheC15unownedExecutorScevg",
                "moduleName": "ImageDownloaderSDK",
                "implicit": true,
                "declAttributes": [
                  "Final"
                ],
                "accessorKind": "get"
              }
            ]
          }
        ],
        "declKind": "Class",
        "usr": "s:18ImageDownloaderSDK07DefaultA5CacheC",
        "mangledName": "$s18ImageDownloaderSDK07DefaultA5CacheC",
        "moduleName": "ImageDownloaderSDK",
        "declAttributes": [
          "AccessControl",
          "RawDocComment"
        ],
        "hasMissingDesignatedInitializers": true,
        "conformances": [
          {
            "kind": "Conformance",
            "name": "Copyable",
            "printedName": "Copyable",
            "usr": "s:s8CopyableP",
            "mangledName": "$ss8CopyableP"
          },
          {
            "kind": "Conformance",
            "name": "Escapable",
            "printedName": "Escapable",
            "usr": "s:s9EscapableP",
            "mangledName": "$ss9EscapableP"
          },
          {
            "kind": "Conformance",
            "name": "Actor",
            "printedName": "Actor",
            "usr": "s:ScA",
            "mangledName": "$sScA"
          },
          {
            "kind": "Conformance",
            "name": "ImageCaching",
            "printedName": "ImageCaching",
            "usr": "s:18ImageDownloaderSDK0A7CachingP",
            "mangledName": "$s18ImageDownloaderSDK0A7CachingP"
          },
          {
            "kind": "Conformance",
            "name": "Sendable",
            "printedName": "Sendable",
            "usr": "s:s8SendableP",
            "mangledName": "$ss8SendableP"
          }
        ]
      },
      {
        "kind": "TypeDecl",
        "name": "DefaultImageDownloader",
        "printedName": "DefaultImageDownloader",
        "children": [
          {
            "kind": "Constructor",
            "name": "init",
            "printedName": "init(cache:)",
            "children": [
              {
                "kind": "TypeNominal",
                "name": "DefaultImageDownloader",
                "printedName": "ImageDownloaderSDK.DefaultImageDownloader",
                "usr": "s:18ImageDownloaderSDK07DefaultaB0C"
              },
              {
                "kind": "TypeNominal",
                "name": "ImageCaching",
                "printedName": "any ImageDownloaderSDK.ImageCaching",
                "usr": "s:18ImageDownloaderSDK0A7CachingP"
              }
            ],
            "declKind": "Constructor",
            "usr": "s:18ImageDownloaderSDK07DefaultaB0C5cacheAcA0A7Caching_p_tcfc",
            "mangledName": "$s18ImageDownloaderSDK07DefaultaB0C5cacheAcA0A7Caching_p_tcfc",
            "moduleName": "ImageDownloaderSDK",
            "declAttributes": [
              "AccessControl"
            ],
            "init_kind": "Designated"
          },
          {
            "kind": "Function",
            "name": "download",
            "printedName": "download(from:)",
            "children": [
              {
                "kind": "TypeNominal",
                "name": "UIImage",
                "printedName": "UIKit.UIImage",
                "usr": "c:objc(cs)UIImage"
              },
              {
                "kind": "TypeNominal",
                "name": "URL",
                "printedName": "Foundation.URL",
                "usr": "s:10Foundation3URLV"
              }
            ],
            "declKind": "Func",
            "usr": "s:18ImageDownloaderSDK07DefaultaB0C8download4fromSo7UIImageC10Foundation3URLV_tYaKF",
            "mangledName": "$s18ImageDownloaderSDK07DefaultaB0C8download4fromSo7UIImageC10Foundation3URLV_tYaKF",
            "moduleName": "ImageDownloaderSDK",
            "declAttributes": [
              "AccessControl"
            ],
            "throwing": true,
            "funcSelfKind": "NonMutating"
          },
          {
            "kind": "Function",
            "name": "cancel",
            "printedName": "cancel(url:)",
            "children": [
              {
                "kind": "TypeNominal",
                "name": "Void",
                "printedName": "()"
              },
              {
                "kind": "TypeNominal",
                "name": "URL",
                "printedName": "Foundation.URL",
                "usr": "s:10Foundation3URLV"
              }
            ],
            "declKind": "Func",
            "usr": "s:18ImageDownloaderSDK07DefaultaB0C6cancel3urly10Foundation3URLV_tYaF",
            "mangledName": "$s18ImageDownloaderSDK07DefaultaB0C6cancel3urly10Foundation3URLV_tYaF",
            "moduleName": "ImageDownloaderSDK",
            "declAttributes": [
              "AccessControl"
            ],
            "funcSelfKind": "NonMutating"
          },
          {
            "kind": "Var",
            "name": "unownedExecutor",
            "printedName": "unownedExecutor",
            "children": [
              {
                "kind": "TypeNominal",
                "name": "UnownedSerialExecutor",
                "printedName": "_Concurrency.UnownedSerialExecutor",
                "usr": "s:Sce"
              }
            ],
            "declKind": "Var",
            "usr": "s:18ImageDownloaderSDK07DefaultaB0C15unownedExecutorScevp",
            "mangledName": "$s18ImageDownloaderSDK07DefaultaB0C15unownedExecutorScevp",
            "moduleName": "ImageDownloaderSDK",
            "implicit": true,
            "intro_Macosx": "10.15",
            "intro_iOS": "13.0",
            "intro_tvOS": "13.0",
            "intro_watchOS": "6.0",
            "declAttributes": [
              "Available",
              "Available",
              "Available",
              "Available",
              "Final",
              "Nonisolated",
              "Semantics"
            ],
            "accessors": [
              {
                "kind": "Accessor",
                "name": "Get",
                "printedName": "Get()",
                "children": [
                  {
                    "kind": "TypeNominal",
                    "name": "UnownedSerialExecutor",
                    "printedName": "_Concurrency.UnownedSerialExecutor",
                    "usr": "s:Sce"
                  }
                ],
                "declKind": "Accessor",
                "usr": "s:18ImageDownloaderSDK07DefaultaB0C15unownedExecutorScevg",
                "mangledName": "$s18ImageDownloaderSDK07DefaultaB0C15unownedExecutorScevg",
                "moduleName": "ImageDownloaderSDK",
                "implicit": true,
                "declAttributes": [
                  "Final"
                ],
                "accessorKind": "get"
              }
            ]
          }
        ],
        "declKind": "Class",
        "usr": "s:18ImageDownloaderSDK07DefaultaB0C",
        "mangledName": "$s18ImageDownloaderSDK07DefaultaB0C",
        "moduleName": "ImageDownloaderSDK",
        "declAttributes": [
          "AccessControl",
          "RawDocComment"
        ],
        "conformances": [
          {
            "kind": "Conformance",
            "name": "Copyable",
            "printedName": "Copyable",
            "usr": "s:s8CopyableP",
            "mangledName": "$ss8CopyableP"
          },
          {
            "kind": "Conformance",
            "name": "Escapable",
            "printedName": "Escapable",
            "usr": "s:s9EscapableP",
            "mangledName": "$ss9EscapableP"
          },
          {
            "kind": "Conformance",
            "name": "Actor",
            "printedName": "Actor",
            "usr": "s:ScA",
            "mangledName": "$sScA"
          },
          {
            "kind": "Conformance",
            "name": "ImageDownloading",
            "printedName": "ImageDownloading",
            "usr": "s:18ImageDownloaderSDK0A11DownloadingP",
            "mangledName": "$s18ImageDownloaderSDK0A11DownloadingP"
          },
          {
            "kind": "Conformance",
            "name": "Sendable",
            "printedName": "Sendable",
            "usr": "s:s8SendableP",
            "mangledName": "$ss8SendableP"
          }
        ]
      },
      {
        "kind": "TypeDecl",
        "name": "DefaultImageLoader",
        "printedName": "DefaultImageLoader",
        "children": [
          {
            "kind": "Var",
            "name": "image",
            "printedName": "image",
            "children": [
              {
                "kind": "TypeNominal",
                "name": "Optional",
                "printedName": "UIKit.UIImage?",
                "children": [
                  {
                    "kind": "TypeNominal",
                    "name": "UIImage",
                    "printedName": "UIKit.UIImage",
                    "usr": "c:objc(cs)UIImage"
                  }
                ],
                "usr": "s:Sq"
              }
            ],
            "declKind": "Var",
            "usr": "s:18ImageDownloaderSDK07DefaultA6LoaderC5imageSo7UIImageCSgvp",
            "mangledName": "$s18ImageDownloaderSDK07DefaultA6LoaderC5imageSo7UIImageCSgvp",
            "moduleName": "ImageDownloaderSDK",
            "declAttributes": [
              "Final",
              "Custom",
              "ProjectedValueProperty",
              "SetterAccess",
              "AccessControl",
              "Custom"
            ],
            "accessors": [
              {
                "kind": "Accessor",
                "name": "Get",
                "printedName": "Get()",
                "children": [
                  {
                    "kind": "TypeNominal",
                    "name": "Optional",
                    "printedName": "UIKit.UIImage?",
                    "children": [
                      {
                        "kind": "TypeNominal",
                        "name": "UIImage",
                        "printedName": "UIKit.UIImage",
                        "usr": "c:objc(cs)UIImage"
                      }
                    ],
                    "usr": "s:Sq"
                  }
                ],
                "declKind": "Accessor",
                "usr": "s:18ImageDownloaderSDK07DefaultA6LoaderC5imageSo7UIImageCSgvg",
                "mangledName": "$s18ImageDownloaderSDK07DefaultA6LoaderC5imageSo7UIImageCSgvg",
                "moduleName": "ImageDownloaderSDK",
                "implicit": true,
                "declAttributes": [
                  "Final"
                ],
                "accessorKind": "get"
              }
            ]
          },
          {
            "kind": "Var",
            "name": "$image",
            "printedName": "$image",
            "children": [
              {
                "kind": "TypeNominal",
                "name": "Publisher",
                "printedName": "Combine.Published<Swift.Optional<UIKit.UIImage>>.Publisher",
                "usr": "s:7Combine9PublishedV9PublisherV"
              }
            ],
            "declKind": "Var",
            "usr": "s:18ImageDownloaderSDK07DefaultA6LoaderC6$image7Combine9PublishedV9PublisherVySo7UIImageCSg_Gvp",
            "mangledName": "$s18ImageDownloaderSDK07DefaultA6LoaderC6$image7Combine9PublishedV9PublisherVySo7UIImageCSg_Gvp",
            "moduleName": "ImageDownloaderSDK",
            "implicit": true,
            "declAttributes": [
              "Final",
              "Custom"
            ],
            "accessors": [
              {
                "kind": "Accessor",
                "name": "Get",
                "printedName": "Get()",
                "children": [
                  {
                    "kind": "TypeNominal",
                    "name": "Publisher",
                    "printedName": "Combine.Published<Swift.Optional<UIKit.UIImage>>.Publisher",
                    "usr": "s:7Combine9PublishedV9PublisherV"
                  }
                ],
                "declKind": "Accessor",
                "usr": "s:18ImageDownloaderSDK07DefaultA6LoaderC6$image7Combine9PublishedV9PublisherVySo7UIImageCSg_Gvg",
                "mangledName": "$s18ImageDownloaderSDK07DefaultA6LoaderC6$image7Combine9PublishedV9PublisherVySo7UIImageCSg_Gvg",
                "moduleName": "ImageDownloaderSDK",
                "implicit": true,
                "declAttributes": [
                  "Final"
                ],
                "accessorKind": "get"
              }
            ]
          },
          {
            "kind": "Constructor",
            "name": "init",
            "printedName": "init(downloader:)",
            "children": [
              {
                "kind": "TypeNominal",
                "name": "DefaultImageLoader",
                "printedName": "ImageDownloaderSDK.DefaultImageLoader",
                "usr": "s:18ImageDownloaderSDK07DefaultA6LoaderC"
              },
              {
                "kind": "TypeNominal",
                "name": "ImageDownloading",
                "printedName": "any ImageDownloaderSDK.ImageDownloading",
                "usr": "s:18ImageDownloaderSDK0A11DownloadingP"
              }
            ],
            "declKind": "Constructor",
            "usr": "s:18ImageDownloaderSDK07DefaultA6LoaderC10downloaderAcA0A11Downloading_p_tcfc",
            "mangledName": "$s18ImageDownloaderSDK07DefaultA6LoaderC10downloaderAcA0A11Downloading_p_tcfc",
            "moduleName": "ImageDownloaderSDK",
            "declAttributes": [
              "Custom",
              "AccessControl"
            ],
            "init_kind": "Designated"
          },
          {
            "kind": "Function",
            "name": "load",
            "printedName": "load(_:)",
            "children": [
              {
                "kind": "TypeNominal",
                "name": "Void",
                "printedName": "()"
              },
              {
                "kind": "TypeNominal",
                "name": "URL",
                "printedName": "Foundation.URL",
                "usr": "s:10Foundation3URLV"
              }
            ],
            "declKind": "Func",
            "usr": "s:18ImageDownloaderSDK07DefaultA6LoaderC4loadyy10Foundation3URLVF",
            "mangledName": "$s18ImageDownloaderSDK07DefaultA6LoaderC4loadyy10Foundation3URLVF",
            "moduleName": "ImageDownloaderSDK",
            "declAttributes": [
              "Custom",
              "Final",
              "AccessControl"
            ],
            "funcSelfKind": "NonMutating"
          },
          {
            "kind": "Function",
            "name": "cancel",
            "printedName": "cancel()",
            "children": [
              {
                "kind": "TypeNominal",
                "name": "Void",
                "printedName": "()"
              }
            ],
            "declKind": "Func",
            "usr": "s:18ImageDownloaderSDK07DefaultA6LoaderC6cancelyyF",
            "mangledName": "$s18ImageDownloaderSDK07DefaultA6LoaderC6cancelyyF",
            "moduleName": "ImageDownloaderSDK",
            "declAttributes": [
              "Custom",
              "Final",
              "AccessControl"
            ],
            "funcSelfKind": "NonMutating"
          }
        ],
        "declKind": "Class",
        "usr": "s:18ImageDownloaderSDK07DefaultA6LoaderC",
        "mangledName": "$s18ImageDownloaderSDK07DefaultA6LoaderC",
        "moduleName": "ImageDownloaderSDK",
        "declAttributes": [
          "Final",
          "AccessControl",
          "Custom",
          "RawDocComment"
        ],
        "conformances": [
          {
            "kind": "Conformance",
            "name": "Copyable",
            "printedName": "Copyable",
            "usr": "s:s8CopyableP",
            "mangledName": "$ss8CopyableP"
          },
          {
            "kind": "Conformance",
            "name": "Escapable",
            "printedName": "Escapable",
            "usr": "s:s9EscapableP",
            "mangledName": "$ss9EscapableP"
          },
          {
            "kind": "Conformance",
            "name": "ImageLoading",
            "printedName": "ImageLoading",
            "usr": "s:18ImageDownloaderSDK0A7LoadingP",
            "mangledName": "$s18ImageDownloaderSDK0A7LoadingP"
          },
          {
            "kind": "Conformance",
            "name": "ObservableObject",
            "printedName": "ObservableObject",
            "children": [
              {
                "kind": "TypeWitness",
                "name": "ObjectWillChangePublisher",
                "printedName": "ObjectWillChangePublisher",
                "children": [
                  {
                    "kind": "TypeNominal",
                    "name": "ObservableObjectPublisher",
                    "printedName": "Combine.ObservableObjectPublisher",
                    "usr": "s:7Combine25ObservableObjectPublisherC"
                  }
                ]
              }
            ],
            "usr": "s:7Combine16ObservableObjectP",
            "mangledName": "$s7Combine16ObservableObjectP"
          },
          {
            "kind": "Conformance",
            "name": "Sendable",
            "printedName": "Sendable",
            "usr": "s:s8SendableP",
            "mangledName": "$ss8SendableP"
          }
        ]
      },
      {
        "kind": "TypeDecl",
        "name": "ImagePrefetcher",
        "printedName": "ImagePrefetcher",
        "children": [
          {
            "kind": "Var",
            "name": "shared",
            "printedName": "shared",
            "children": [
              {
                "kind": "TypeNominal",
                "name": "ImagePrefetcher",
                "printedName": "ImageDownloaderSDK.ImagePrefetcher",
                "usr": "s:18ImageDownloaderSDK0A10PrefetcherC"
              }
            ],
            "declKind": "Var",
            "usr": "s:18ImageDownloaderSDK0A10PrefetcherC6sharedACvpZ",
            "mangledName": "$s18ImageDownloaderSDK0A10PrefetcherC6sharedACvpZ",
            "moduleName": "ImageDownloaderSDK",
            "static": true,
            "declAttributes": [
              "Final",
              "HasInitialValue",
              "HasStorage",
              "AccessControl"
            ],
            "isLet": true,
            "hasStorage": true,
            "accessors": [
              {
                "kind": "Accessor",
                "name": "Get",
                "printedName": "Get()",
                "children": [
                  {
                    "kind": "TypeNominal",
                    "name": "ImagePrefetcher",
                    "printedName": "ImageDownloaderSDK.ImagePrefetcher",
                    "usr": "s:18ImageDownloaderSDK0A10PrefetcherC"
                  }
                ],
                "declKind": "Accessor",
                "usr": "s:18ImageDownloaderSDK0A10PrefetcherC6sharedACvgZ",
                "mangledName": "$s18ImageDownloaderSDK0A10PrefetcherC6sharedACvgZ",
                "moduleName": "ImageDownloaderSDK",
                "static": true,
                "implicit": true,
                "declAttributes": [
                  "Final"
                ],
                "accessorKind": "get"
              }
            ]
          },
          {
            "kind": "Constructor",
            "name": "init",
            "printedName": "init(downloader:)",
            "children": [
              {
                "kind": "TypeNominal",
                "name": "ImagePrefetcher",
                "printedName": "ImageDownloaderSDK.ImagePrefetcher",
                "usr": "s:18ImageDownloaderSDK0A10PrefetcherC"
              },
              {
                "kind": "TypeNominal",
                "name": "ImageDownloading",
                "printedName": "any ImageDownloaderSDK.ImageDownloading",
                "usr": "s:18ImageDownloaderSDK0A11DownloadingP"
              }
            ],
            "declKind": "Constructor",
            "usr": "s:18ImageDownloaderSDK0A10PrefetcherC10downloaderAcA0A11Downloading_p_tcfc",
            "mangledName": "$s18ImageDownloaderSDK0A10PrefetcherC10downloaderAcA0A11Downloading_p_tcfc",
            "moduleName": "ImageDownloaderSDK",
            "declAttributes": [
              "AccessControl"
            ],
            "init_kind": "Designated"
          },
          {
            "kind": "Function",
            "name": "prefetch",
            "printedName": "prefetch(_:)",
            "children": [
              {
                "kind": "TypeNominal",
                "name": "Void",
                "printedName": "()"
              },
              {
                "kind": "TypeNominal",
                "name": "Array",
                "printedName": "[Foundation.URL]",
                "children": [
                  {
                    "kind": "TypeNominal",
                    "name": "URL",
                    "printedName": "Foundation.URL",
                    "usr": "s:10Foundation3URLV"
                  }
                ],
                "usr": "s:Sa"
              }
            ],
            "declKind": "Func",
            "usr": "s:18ImageDownloaderSDK0A10PrefetcherC8prefetchyySay10Foundation3URLVGYaF",
            "mangledName": "$s18ImageDownloaderSDK0A10PrefetcherC8prefetchyySay10Foundation3URLVGYaF",
            "moduleName": "ImageDownloaderSDK",
            "declAttributes": [
              "AccessControl"
            ],
            "funcSelfKind": "NonMutating"
          },
          {
            "kind": "Function",
            "name": "cancel",
            "printedName": "cancel(_:)",
            "children": [
              {
                "kind": "TypeNominal",
                "name": "Void",
                "printedName": "()"
              },
              {
                "kind": "TypeNominal",
                "name": "Array",
                "printedName": "[Foundation.URL]",
                "children": [
                  {
                    "kind": "TypeNominal",
                    "name": "URL",
                    "printedName": "Foundation.URL",
                    "usr": "s:10Foundation3URLV"
                  }
                ],
                "usr": "s:Sa"
              }
            ],
            "declKind": "Func",
            "usr": "s:18ImageDownloaderSDK0A10PrefetcherC6cancelyySay10Foundation3URLVGYaF",
            "mangledName": "$s18ImageDownloaderSDK0A10PrefetcherC6cancelyySay10Foundation3URLVGYaF",
            "moduleName": "ImageDownloaderSDK",
            "declAttributes": [
              "AccessControl"
            ],
            "funcSelfKind": "NonMutating"
          },
          {
            "kind": "Var",
            "name": "unownedExecutor",
            "printedName": "unownedExecutor",
            "children": [
              {
                "kind": "TypeNominal",
                "name": "UnownedSerialExecutor",
                "printedName": "_Concurrency.UnownedSerialExecutor",
                "usr": "s:Sce"
              }
            ],
            "declKind": "Var",
            "usr": "s:18ImageDownloaderSDK0A10PrefetcherC15unownedExecutorScevp",
            "mangledName": "$s18ImageDownloaderSDK0A10PrefetcherC15unownedExecutorScevp",
            "moduleName": "ImageDownloaderSDK",
            "implicit": true,
            "intro_Macosx": "10.15",
            "intro_iOS": "13.0",
            "intro_tvOS": "13.0",
            "intro_watchOS": "6.0",
            "declAttributes": [
              "Available",
              "Available",
              "Available",
              "Available",
              "Final",
              "Nonisolated",
              "Semantics"
            ],
            "accessors": [
              {
                "kind": "Accessor",
                "name": "Get",
                "printedName": "Get()",
                "children": [
                  {
                    "kind": "TypeNominal",
                    "name": "UnownedSerialExecutor",
                    "printedName": "_Concurrency.UnownedSerialExecutor",
                    "usr": "s:Sce"
                  }
                ],
                "declKind": "Accessor",
                "usr": "s:18ImageDownloaderSDK0A10PrefetcherC15unownedExecutorScevg",
                "mangledName": "$s18ImageDownloaderSDK0A10PrefetcherC15unownedExecutorScevg",
                "moduleName": "ImageDownloaderSDK",
                "implicit": true,
                "declAttributes": [
                  "Final"
                ],
                "accessorKind": "get"
              }
            ]
          }
        ],
        "declKind": "Class",
        "usr": "s:18ImageDownloaderSDK0A10PrefetcherC",
        "mangledName": "$s18ImageDownloaderSDK0A10PrefetcherC",
        "moduleName": "ImageDownloaderSDK",
        "declAttributes": [
          "AccessControl",
          "RawDocComment"
        ],
        "conformances": [
          {
            "kind": "Conformance",
            "name": "Copyable",
            "printedName": "Copyable",
            "usr": "s:s8CopyableP",
            "mangledName": "$ss8CopyableP"
          },
          {
            "kind": "Conformance",
            "name": "Escapable",
            "printedName": "Escapable",
            "usr": "s:s9EscapableP",
            "mangledName": "$ss9EscapableP"
          },
          {
            "kind": "Conformance",
            "name": "Actor",
            "printedName": "Actor",
            "usr": "s:ScA",
            "mangledName": "$sScA"
          },
          {
            "kind": "Conformance",
            "name": "Sendable",
            "printedName": "Sendable",
            "usr": "s:s8SendableP",
            "mangledName": "$ss8SendableP"
          }
        ]
      },
      {
        "kind": "TypeDecl",
        "name": "ImageLoaderFactory",
        "printedName": "ImageLoaderFactory",
        "children": [
          {
            "kind": "Function",
            "name": "makeDefaultLoader",
            "printedName": "makeDefaultLoader()",
            "children": [
              {
                "kind": "TypeNominal",
                "name": "ImageLoading",
                "printedName": "any ImageDownloaderSDK.ImageLoading",
                "usr": "s:18ImageDownloaderSDK0A7LoadingP"
              }
            ],
            "declKind": "Func",
            "usr": "s:18ImageDownloaderSDK0A13LoaderFactoryO011makeDefaultD0AA0A7Loading_pyFZ",
            "mangledName": "$s18ImageDownloaderSDK0A13LoaderFactoryO011makeDefaultD0AA0A7Loading_pyFZ",
            "moduleName": "ImageDownloaderSDK",
            "static": true,
            "declAttributes": [
              "AccessControl",
              "Custom"
            ],
            "funcSelfKind": "NonMutating"
          }
        ],
        "declKind": "Enum",
        "usr": "s:18ImageDownloaderSDK0A13LoaderFactoryO",
        "mangledName": "$s18ImageDownloaderSDK0A13LoaderFactoryO",
        "moduleName": "ImageDownloaderSDK",
        "declAttributes": [
          "AccessControl",
          "RawDocComment"
        ],
        "conformances": [
          {
            "kind": "Conformance",
            "name": "Copyable",
            "printedName": "Copyable",
            "usr": "s:s8CopyableP",
            "mangledName": "$ss8CopyableP"
          },
          {
            "kind": "Conformance",
            "name": "Escapable",
            "printedName": "Escapable",
            "usr": "s:s9EscapableP",
            "mangledName": "$ss9EscapableP"
          }
        ]
      }
    ],
    "json_format_version": 8
  },
  "ConstValues": [
    {
      "filePath": "\/Users\/prachibharadwaj\/Desktop\/ImageDownloaderSDK\/ImageDownloaderSDK\/ImageDownloaderSDK.swift",
      "kind": "StringLiteral",
      "offset": 1003,
      "length": 12,
      "value": "\"ImageCache\""
    },
    {
      "filePath": "\/Users\/prachibharadwaj\/Desktop\/ImageDownloaderSDK\/ImageDownloaderSDK\/ImageDownloaderSDK.swift",
      "kind": "StringLiteral",
      "offset": 1407,
      "length": 29,
      "value": "\"Caches directory not found.\""
    },
    {
      "filePath": "\/Users\/prachibharadwaj\/Desktop\/ImageDownloaderSDK\/ImageDownloaderSDK\/ImageDownloaderSDK.swift",
      "kind": "BooleanLiteral",
      "offset": 1553,
      "length": 4,
      "value": "true"
    },
    {
      "filePath": "\/Users\/prachibharadwaj\/Desktop\/ImageDownloaderSDK\/ImageDownloaderSDK\/ImageDownloaderSDK.swift",
      "kind": "BooleanLiteral",
      "offset": 1800,
      "length": 4,
      "value": "true"
    },
    {
      "filePath": "\/Users\/prachibharadwaj\/Desktop\/ImageDownloaderSDK\/ImageDownloaderSDK\/ImageDownloaderSDK.swift",
      "kind": "StringLiteral",
      "offset": 1845,
      "length": 58,
      "value": "\"✅ Cache directory created at \""
    },
    {
      "filePath": "\/Users\/prachibharadwaj\/Desktop\/ImageDownloaderSDK\/ImageDownloaderSDK\/ImageDownloaderSDK.swift",
      "kind": "StringLiteral",
      "offset": 1902,
      "length": 2,
      "value": "\"\""
    },
    {
      "filePath": "\/Users\/prachibharadwaj\/Desktop\/ImageDownloaderSDK\/ImageDownloaderSDK\/ImageDownloaderSDK.swift",
      "kind": "StringLiteral",
      "offset": 1949,
      "length": 69,
      "value": "\"❌ Failed to create cache directory: \""
    },
    {
      "filePath": "\/Users\/prachibharadwaj\/Desktop\/ImageDownloaderSDK\/ImageDownloaderSDK\/ImageDownloaderSDK.swift",
      "kind": "StringLiteral",
      "offset": 2017,
      "length": 2,
      "value": "\"\""
    },
    {
      "filePath": "\/Users\/prachibharadwaj\/Desktop\/ImageDownloaderSDK\/ImageDownloaderSDK\/ImageDownloaderSDK.swift",
      "kind": "Dictionary",
      "offset": 4162,
      "length": 3,
      "value": "[]"
    },
    {
      "filePath": "\/Users\/prachibharadwaj\/Desktop\/ImageDownloaderSDK\/ImageDownloaderSDK\/ImageDownloaderSDK.swift",
      "kind": "Array",
      "offset": 7738,
      "length": 2,
      "value": "[]"
    },
    {
      "filePath": "\/Users\/prachibharadwaj\/Desktop\/ImageDownloaderSDK\/ImageDownloaderSDK\/ImageDownloaderSDK.swift",
      "kind": "IntegerLiteral",
      "offset": 7799,
      "length": 1,
      "value": "4"
    },
    {
      "filePath": "\/Users\/prachibharadwaj\/Desktop\/ImageDownloaderSDK\/ImageDownloaderSDK\/ImageDownloaderSDK.swift",
      "kind": "IntegerLiteral",
      "offset": 8742,
      "length": 1,
      "value": "0"
    },
    {
      "filePath": "\/Users\/prachibharadwaj\/Desktop\/ImageDownloaderSDK\/ImageDownloaderSDK\/ImageDownloaderSDK.swift",
      "kind": "Array",
      "offset": 8806,
      "length": 2,
      "value": "[]"
    }
  ]
}